year,season,train_rows,recommended_crop,actual_dominant_crop,hit,realised_rec_profit_inr_ha,realised_act_profit_inr_ha,profit_delta_inr_ha,rec_water_deficit_mm,act_water_deficit_mm,water_delta_mm,paddy_water_deficit_mm
2021,kharif,231,groundnut,black_gram,False,150464.23183,40422.61844875,110041.61338125,0.0,0.0,0.0,378.9200000000001
2021,rabi,231,maize,groundnut,False,69920.40159000001,101879.57320750001,-31959.171617500004,261.17,261.17,0.0,911.1700000000001
2021,summer,231,groundnut,black_gram,False,83447.838105,25995.261312500006,57452.5767925,342.22,172.22000000000003,170.0,1092.22
2022,kharif,252,maize,black_gram,False,56579.809648749986,5474.517854999998,51105.29179374999,0.0,0.0,0.0,413.9
2022,rabi,252,maize,green_gram,False,103543.95492125,-3814.798165,107358.75308625,256.28000000000003,86.28000000000003,170.0,906.28
2022,summer,252,groundnut,green_gram,False,66533.52987500001,-5187.5050625,71721.03493750001,338.31,148.31,190.0,1088.31
2023,kharif,273,maize,black_gram,False,46011.40054,11327.33898,34684.06156,0.0,0.0,0.0,430.0899999999999
2023,rabi,273,maize,paddy,False,69763.5701575,13922.490640000004,55841.079517499995,245.08,895.08,-650.0,895.08
2023,summer,273,maize,ragi,False,57495.05403,15463.368959999993,42031.68507000001,331.84000000000003,231.84,100.00000000000003,1111.84
