scenario,rainfall_label,price_label,weight_preset,crop,rank
rain-30%|price-20%|profit-heavy,rain-30%,price-20%,profit-heavy,sugarcane,1
rain-30%|price-20%|profit-heavy,rain-30%,price-20%,profit-heavy,maize,2
rain-30%|price-20%|profit-heavy,rain-30%,price-20%,profit-heavy,groundnut,3
rain-30%|price-20%|profit-heavy,rain-30%,price-20%,profit-heavy,paddy,4
rain-30%|price-20%|balanced,rain-30%,price-20%,balanced,sugarcane,1
rain-30%|price-20%|balanced,rain-30%,price-20%,balanced,maize,2
rain-30%|price-20%|balanced,rain-30%,price-20%,balanced,paddy,3
rain-30%|price-20%|balanced,rain-30%,price-20%,balanced,groundnut,4
rain-30%|price-20%|risk-averse,rain-30%,price-20%,risk-averse,sugarcane,1
rain-30%|price-20%|risk-averse,rain-30%,price-20%,risk-averse,maize,2
rain-30%|price-20%|risk-averse,rain-30%,price-20%,risk-averse,paddy,3
rain-30%|price-20%|risk-averse,rain-30%,price-20%,risk-averse,groundnut,4
rain-30%|price+0%|profit-heavy,rain-30%,price+0%,profit-heavy,sugarcane,1
rain-30%|price+0%|profit-heavy,rain-30%,price+0%,profit-heavy,maize,2
rain-30%|price+0%|profit-heavy,rain-30%,price+0%,profit-heavy,groundnut,3
rain-30%|price+0%|profit-heavy,rain-30%,price+0%,profit-heavy,paddy,4
rain-30%|price+0%|balanced,rain-30%,price+0%,balanced,sugarcane,1
rain-30%|price+0%|balanced,rain-30%,price+0%,balanced,maize,2
rain-30%|price+0%|balanced,rain-30%,price+0%,balanced,paddy,3
rain-30%|price+0%|balanced,rain-30%,price+0%,balanced,groundnut,4
rain-30%|price+0%|risk-averse,rain-30%,price+0%,risk-averse,sugarcane,1
rain-30%|price+0%|risk-averse,rain-30%,price+0%,risk-averse,maize,2
rain-30%|price+0%|risk-averse,rain-30%,price+0%,risk-averse,paddy,3
rain-30%|price+0%|risk-averse,rain-30%,price+0%,risk-averse,groundnut,4
rain-30%|price+20%|profit-heavy,rain-30%,price+20%,profit-heavy,sugarcane,1
rain-30%|price+20%|profit-heavy,rain-30%,price+20%,profit-heavy,maize,2
rain-30%|price+20%|profit-heavy,rain-30%,price+20%,profit-heavy,groundnut,3
rain-30%|price+20%|profit-heavy,rain-30%,price+20%,profit-heavy,paddy,4
rain-30%|price+20%|balanced,rain-30%,price+20%,balanced,sugarcane,1
rain-30%|price+20%|balanced,rain-30%,price+20%,balanced,maize,2
rain-30%|price+20%|balanced,rain-30%,price+20%,balanced,paddy,3
rain-30%|price+20%|balanced,rain-30%,price+20%,balanced,groundnut,4
rain-30%|price+20%|risk-averse,rain-30%,price+20%,risk-averse,sugarcane,1
rain-30%|price+20%|risk-averse,rain-30%,price+20%,risk-averse,maize,2
rain-30%|price+20%|risk-averse,rain-30%,price+20%,risk-averse,paddy,3
rain-30%|price+20%|risk-averse,rain-30%,price+20%,risk-averse,groundnut,4
rain-10%|price-20%|profit-heavy,rain-10%,price-20%,profit-heavy,sugarcane,1
rain-10%|price-20%|profit-heavy,rain-10%,price-20%,profit-heavy,maize,2
rain-10%|price-20%|profit-heavy,rain-10%,price-20%,profit-heavy,groundnut,3
rain-10%|price-20%|profit-heavy,rain-10%,price-20%,profit-heavy,paddy,4
rain-10%|price-20%|balanced,rain-10%,price-20%,balanced,sugarcane,1
rain-10%|price-20%|balanced,rain-10%,price-20%,balanced,maize,2
rain-10%|price-20%|balanced,rain-10%,price-20%,balanced,paddy,3
rain-10%|price-20%|balanced,rain-10%,price-20%,balanced,groundnut,4
rain-10%|price-20%|risk-averse,rain-10%,price-20%,risk-averse,sugarcane,1
rain-10%|price-20%|risk-averse,rain-10%,price-20%,risk-averse,maize,2
rain-10%|price-20%|risk-averse,rain-10%,price-20%,risk-averse,paddy,3
rain-10%|price-20%|risk-averse,rain-10%,price-20%,risk-averse,groundnut,4
rain-10%|price+0%|profit-heavy,rain-10%,price+0%,profit-heavy,sugarcane,1
rain-10%|price+0%|profit-heavy,rain-10%,price+0%,profit-heavy,maize,2
rain-10%|price+0%|profit-heavy,rain-10%,price+0%,profit-heavy,groundnut,3
rain-10%|price+0%|profit-heavy,rain-10%,price+0%,profit-heavy,paddy,4
rain-10%|price+0%|balanced,rain-10%,price+0%,balanced,sugarcane,1
rain-10%|price+0%|balanced,rain-10%,price+0%,balanced,maize,2
rain-10%|price+0%|balanced,rain-10%,price+0%,balanced,paddy,3
rain-10%|price+0%|balanced,rain-10%,price+0%,balanced,groundnut,4
rain-10%|price+0%|risk-averse,rain-10%,price+0%,risk-averse,sugarcane,1
rain-10%|price+0%|risk-averse,rain-10%,price+0%,risk-averse,maize,2
rain-10%|price+0%|risk-averse,rain-10%,price+0%,risk-averse,paddy,3
rain-10%|price+0%|risk-averse,rain-10%,price+0%,risk-averse,groundnut,4
rain-10%|price+20%|profit-heavy,rain-10%,price+20%,profit-heavy,sugarcane,1
rain-10%|price+20%|profit-heavy,rain-10%,price+20%,profit-heavy,maize,2
rain-10%|price+20%|profit-heavy,rain-10%,price+20%,profit-heavy,groundnut,3
rain-10%|price+20%|profit-heavy,rain-10%,price+20%,profit-heavy,paddy,4
rain-10%|price+20%|balanced,rain-10%,price+20%,balanced,sugarcane,1
rain-10%|price+20%|balanced,rain-10%,price+20%,balanced,maize,2
rain-10%|price+20%|balanced,rain-10%,price+20%,balanced,paddy,3
rain-10%|price+20%|balanced,rain-10%,price+20%,balanced,groundnut,4
rain-10%|price+20%|risk-averse,rain-10%,price+20%,risk-averse,sugarcane,1
rain-10%|price+20%|risk-averse,rain-10%,price+20%,risk-averse,maize,2
rain-10%|price+20%|risk-averse,rain-10%,price+20%,risk-averse,paddy,3
rain-10%|price+20%|risk-averse,rain-10%,price+20%,risk-averse,groundnut,4
rain+0%|price-20%|profit-heavy,rain+0%,price-20%,profit-heavy,sugarcane,1
rain+0%|price-20%|profit-heavy,rain+0%,price-20%,profit-heavy,maize,2
rain+0%|price-20%|profit-heavy,rain+0%,price-20%,profit-heavy,groundnut,3
rain+0%|price-20%|profit-heavy,rain+0%,price-20%,profit-heavy,paddy,4
rain+0%|price-20%|balanced,rain+0%,price-20%,balanced,sugarcane,1
rain+0%|price-20%|balanced,rain+0%,price-20%,balanced,maize,2
rain+0%|price-20%|balanced,rain+0%,price-20%,balanced,paddy,3
rain+0%|price-20%|balanced,rain+0%,price-20%,balanced,groundnut,4
rain+0%|price-20%|risk-averse,rain+0%,price-20%,risk-averse,sugarcane,1
rain+0%|price-20%|risk-averse,rain+0%,price-20%,risk-averse,maize,2
rain+0%|price-20%|risk-averse,rain+0%,price-20%,risk-averse,paddy,3
rain+0%|price-20%|risk-averse,rain+0%,price-20%,risk-averse,groundnut,4
rain+0%|price+0%|profit-heavy,rain+0%,price+0%,profit-heavy,sugarcane,1
rain+0%|price+0%|profit-heavy,rain+0%,price+0%,profit-heavy,maize,2
rain+0%|price+0%|profit-heavy,rain+0%,price+0%,profit-heavy,groundnut,3
rain+0%|price+0%|profit-heavy,rain+0%,price+0%,profit-heavy,paddy,4
rain+0%|price+0%|balanced,rain+0%,price+0%,balanced,sugarcane,1
rain+0%|price+0%|balanced,rain+0%,price+0%,balanced,maize,2
rain+0%|price+0%|balanced,rain+0%,price+0%,balanced,paddy,3
rain+0%|price+0%|balanced,rain+0%,price+0%,balanced,groundnut,4
rain+0%|price+0%|risk-averse,rain+0%,price+0%,risk-averse,sugarcane,1
rain+0%|price+0%|risk-averse,rain+0%,price+0%,risk-averse,maize,2
rain+0%|price+0%|risk-averse,rain+0%,price+0%,risk-averse,paddy,3
rain+0%|price+0%|risk-averse,rain+0%,price+0%,risk-averse,groundnut,4
rain+0%|price+20%|profit-heavy,rain+0%,price+20%,profit-heavy,sugarcane,1
rain+0%|price+20%|profit-heavy,rain+0%,price+20%,profit-heavy,maize,2
rain+0%|price+20%|profit-heavy,rain+0%,price+20%,profit-heavy,groundnut,3
rain+0%|price+20%|profit-heavy,rain+0%,price+20%,profit-heavy,paddy,4
rain+0%|price+20%|balanced,rain+0%,price+20%,balanced,sugarcane,1
rain+0%|price+20%|balanced,rain+0%,price+20%,balanced,maize,2
rain+0%|price+20%|balanced,rain+0%,price+20%,balanced,paddy,3
rain+0%|price+20%|balanced,rain+0%,price+20%,balanced,groundnut,4
rain+0%|price+20%|risk-averse,rain+0%,price+20%,risk-averse,sugarcane,1
rain+0%|price+20%|risk-averse,rain+0%,price+20%,risk-averse,maize,2
rain+0%|price+20%|risk-averse,rain+0%,price+20%,risk-averse,paddy,3
rain+0%|price+20%|risk-averse,rain+0%,price+20%,risk-averse,groundnut,4
rain+10%|price-20%|profit-heavy,rain+10%,price-20%,profit-heavy,sugarcane,1
rain+10%|price-20%|profit-heavy,rain+10%,price-20%,profit-heavy,maize,2
rain+10%|price-20%|profit-heavy,rain+10%,price-20%,profit-heavy,groundnut,3
rain+10%|price-20%|profit-heavy,rain+10%,price-20%,profit-heavy,paddy,4
rain+10%|price-20%|balanced,rain+10%,price-20%,balanced,sugarcane,1
rain+10%|price-20%|balanced,rain+10%,price-20%,balanced,maize,2
rain+10%|price-20%|balanced,rain+10%,price-20%,balanced,paddy,3
rain+10%|price-20%|balanced,rain+10%,price-20%,balanced,groundnut,4
rain+10%|price-20%|risk-averse,rain+10%,price-20%,risk-averse,sugarcane,1
rain+10%|price-20%|risk-averse,rain+10%,price-20%,risk-averse,maize,2
rain+10%|price-20%|risk-averse,rain+10%,price-20%,risk-averse,paddy,3
rain+10%|price-20%|risk-averse,rain+10%,price-20%,risk-averse,groundnut,4
rain+10%|price+0%|profit-heavy,rain+10%,price+0%,profit-heavy,sugarcane,1
rain+10%|price+0%|profit-heavy,rain+10%,price+0%,profit-heavy,maize,2
rain+10%|price+0%|profit-heavy,rain+10%,price+0%,profit-heavy,groundnut,3
rain+10%|price+0%|profit-heavy,rain+10%,price+0%,profit-heavy,paddy,4
rain+10%|price+0%|balanced,rain+10%,price+0%,balanced,sugarcane,1
rain+10%|price+0%|balanced,rain+10%,price+0%,balanced,maize,2
rain+10%|price+0%|balanced,rain+10%,price+0%,balanced,paddy,3
rain+10%|price+0%|balanced,rain+10%,price+0%,balanced,groundnut,4
rain+10%|price+0%|risk-averse,rain+10%,price+0%,risk-averse,sugarcane,1
rain+10%|price+0%|risk-averse,rain+10%,price+0%,risk-averse,maize,2
rain+10%|price+0%|risk-averse,rain+10%,price+0%,risk-averse,paddy,3
rain+10%|price+0%|risk-averse,rain+10%,price+0%,risk-averse,groundnut,4
rain+10%|price+20%|profit-heavy,rain+10%,price+20%,profit-heavy,sugarcane,1
rain+10%|price+20%|profit-heavy,rain+10%,price+20%,profit-heavy,maize,2
rain+10%|price+20%|profit-heavy,rain+10%,price+20%,profit-heavy,groundnut,3
rain+10%|price+20%|profit-heavy,rain+10%,price+20%,profit-heavy,paddy,4
rain+10%|price+20%|balanced,rain+10%,price+20%,balanced,sugarcane,1
rain+10%|price+20%|balanced,rain+10%,price+20%,balanced,maize,2
rain+10%|price+20%|balanced,rain+10%,price+20%,balanced,paddy,3
rain+10%|price+20%|balanced,rain+10%,price+20%,balanced,groundnut,4
rain+10%|price+20%|risk-averse,rain+10%,price+20%,risk-averse,sugarcane,1
rain+10%|price+20%|risk-averse,rain+10%,price+20%,risk-averse,maize,2
rain+10%|price+20%|risk-averse,rain+10%,price+20%,risk-averse,paddy,3
rain+10%|price+20%|risk-averse,rain+10%,price+20%,risk-averse,groundnut,4
